学校名,都道府県,担当者,区分
姶良市立加治木中学校,鹿児島,児浦,既存
姶良市立帖佐中学校,鹿児島,児浦,既存
鹿児島市教育委員会,鹿児島,児浦,既存
鹿児島市立喜入中学校,鹿児島,児浦,既存
鹿児島市立吉野東中学校,鹿児島,児浦,既存
鹿児島市立皇徳寺中学校,鹿児島,児浦,既存
鹿児島市立星峯中学校,鹿児島,児浦,既存
鹿児島市立清水中学校,鹿児島,児浦,既存
鹿児島市立西紫原中学校,鹿児島,児浦,既存
鹿児島市立長田中学校,鹿児島,児浦,既存
川島学園れいめい中学校,鹿児島,児浦,既存
日置市立伊集院北中学校,鹿児島,児浦,既存
CLARK SMART千葉,千葉,野崎,既存
CLARK SMART東京,東京,SD,既存
アレセイア湘南高等学校,神奈川,井上,既存
イオンリテール株式会社南関東カンパニー,神奈川,井上,既存
いちご株式会社,神奈川,井上,既存
オイスカ浜松国際高等学校,静岡,井上,既存
かえつ有明高等学校,東京,関,既存
かえつ有明中学校,東京,井上,既存
クラークNEXT高等学校 秋葉原キャンパス,東京,吉岡,既存
クラーク記念国際高等学校 横浜キャンパス,神奈川,吉岡,既存
クラーク記念国際高等学校 横浜青葉キャンパス,神奈川,三田,既存
クラーク記念国際高等学校 厚木キャンパス,神奈川,香取,既存
クラーク記念国際高等学校 静岡キャンパス,静岡,田中,既存
クラーク記念国際高等学校 千葉キャンパス,千葉,野崎,既存
クラーク記念国際高等学校 東京キャンパス,東京,田中,既存
クラーク記念国際高等学校 柏キャンパス,千葉,深町,既存
クラーク記念国際高等学校 立川キャンパス,東京,香取,既存
クラーク記念国際高等学校浜松キャンパス,静岡,井上,既存
クラーク記念国際中等部 東京キャンパス,東京,田中,既存
サレジアン国際学園世田谷高等学校,東京,早﨑,既存
サレジアン国際学園世田谷中学校,東京,早﨑,既存
トキワ松学園高等学校,東京,丸谷,既存
ドルトン東京学園高等部,東京,井上,既存
ドルトン東京学園中等部,東京,井上,既存
ビヨンドトゥモロー,,井上,既存
フェリス女学院高等学校,神奈川,香取,既存
フェリス女学院中学校,神奈川,香取,既存
ユニコーンプロジェクト（港区・大田区）,東京,香取,既存
わせがく高等学校 稲毛海岸キャンパス,千葉,川合,既存
愛知県立豊田高等学校,愛知,井上,既存
愛知県立豊田東高等学校,愛知,井上,既存
安田学園高等学校,東京,早﨑,既存
伊勢原市立伊勢原中学校,神奈川,SD,既存
伊勢原市立成瀬小学校,神奈川,香取,既存
羽田国際高等学校,東京,関,既存
英明フロンティア高等学校,東京,早﨑,既存
横須賀学院高等学校,神奈川,SD,既存
横浜市立横浜吉田中学校,神奈川,香取,既存
横浜市立鴨志田第一小学校,神奈川,早﨑,既存
横浜市立金沢小学校,神奈川,香取,既存
横浜市立上永谷中学校,神奈川,香取,既存
横浜市立城郷小学校,神奈川,早﨑,既存
横浜市立川島小学校,神奈川,香取,既存
横浜市立中山中学校,神奈川,SD,既存
横浜市立中川西中学校,神奈川,香取,既存
横浜市立都岡小学校,神奈川,香取,既存
横浜市立本牧小学校,神奈川,香取,既存
横浜翠陵高等学校,神奈川,香取,既存
横浜富士見丘学園高等学校,神奈川,丸谷,既存
鴎友学園女子高等学校,東京,早﨑,既存
鴎友学園女子中学校,東京,早﨑,既存
下北沢成徳高等学校,東京,丸谷,既存
我孫子市立湖北台西小学校,千葉,川合,既存
株式会社ギークナウ,東京,,既存
株式会社シテコベ,神奈川,井上,既存
株式会社ステップ,神奈川,井上,既存
株式会社スマイル,神奈川,井上,既存
株式会社ヨコソー,神奈川,井上,既存
株式会社建新,神奈川,井上,既存
株主向けイベント8/12.13講師派遣,東京,井上,既存
鎌ケ谷市立五本松小学校,千葉,深町,既存
茅ヶ崎市立鶴嶺中学校,神奈川,SD,既存
関東第一高等学校,東京,香取,既存
吉祥女子中学校,東京,井上,既存
橘学苑高等学校,神奈川,SD,既存
京華高等学校,東京,早﨑,既存
京華女子高等学校,東京,早﨑,既存
京浜急行電鉄株式会社,神奈川,井上,既存
共栄学園高等学校,東京,田中,既存
共立女子第二高等学校,東京,田中,既存
駒沢学園女子高等学校,東京,香取,既存
御蔵島村立御蔵島小学校,東京,香取,既存
御殿場市立南中学校,静岡,SD,既存
御殿場西高等学校,静岡,田中,既存
佼成学園女子高等学校,東京,丸谷,既存
広尾学園小石川中学校,東京,丸谷,既存
広尾学園中学校,東京,丸谷,既存
江戸川区立第六葛西小学校,東京,香取,既存
港区立青山中学校,東京,早﨑,既存
国府台女子学院高等部,千葉,深町,既存
鵠沼高等学校,神奈川,三田,既存
佐倉市立和田小学校,千葉,川合,既存
桜美林大学,東京,早﨑,既存
桜美林中学校,東京,早﨑,既存
三浦学苑高等学校,神奈川,三田,既存
四街道市立四街道北中学校,千葉,川合,既存
実践女子学園高等学校,東京,香取,既存
芝中学校,東京,深町,既存
十文字中学校,東京,香取,既存
小金井市立小金井第一小学校,東京,香取,既存
小金井市立南中学校,東京,香取,既存
小田原市立片浦小学校,神奈川,香取,既存
小平市立小平第三中学校,東京,香取,既存
昭島市立共成小学校,東京,香取,既存
昭和学院中学校,千葉,関,既存
昭和第一学園高等学校,東京,香取,既存
松戸市立常盤平中学校,千葉,SD,既存
沼津市立浮島中学校,静岡,井上,既存
湘南学院高等学校,神奈川,三田,既存
城南静岡高等学校,静岡,井上,既存
常葉大学附属常葉高等学校,静岡,SD,既存
常葉大学附属常葉中学校,静岡,井上,既存
新渡戸文化小学校,東京,香取,既存
神奈川県立鎌倉支援学校,神奈川,香取,既存
神奈川県立茅ケ崎高等学校,神奈川,早﨑,既存
神奈川県立元石川高等学校,神奈川,井上,既存
神奈川県立追浜高等学校,神奈川,香取,既存
神奈川大学,神奈川,早﨑,既存
秦野市立北小学校,神奈川,香取,既存
秦野市立本町小学校,神奈川,香取,既存
裾野市立東中学校,静岡,井上,既存
世田谷学園中学校,東京,丸谷,既存
世田谷区立奥沢中学校,東京,井上,既存
世田谷区立九品仏小学校,東京,香取,既存
成田高等学校付属小学校,千葉,川合,既存
成蹊大学,東京,早﨑,既存
成蹊中学校,東京,早﨑,既存
清水国際高等学校,静岡,井上,既存
清水町立清水中学校,静岡,井上,既存
清水町立南中学校,静岡,井上,既存
聖学院高等学校,東京,深町,既存
聖学院中学校,東京,深町,既存
聖徳学園小学校,東京,香取,既存
西東京市立住吉小学校,東京,井上,既存
西東京市立保谷第二小学校,東京,井上,既存
西東京市立明保中学校,東京,関,既存
青梅市立泉中学校,東京,香取,既存
青稜高等学校,東京,岩崎,既存
青稜中学校,東京,岩崎,既存
静岡サレジオ中学校,静岡,井上,既存
静岡学園高等学校,静岡,井上,既存
静岡学園中学校,静岡,井上,既存
静岡県立新居高等学校,静岡,井上,既存
静岡県立裾野高等学校,静岡,井上,既存
静岡県立静岡高等学校,静岡,SD,既存
静岡県立藤枝東高等学校,静岡,井上,既存
静岡県立浜松湖東高等学校,静岡,井上,既存
静岡県立浜松商業高等学校,静岡,井上,既存
静岡県立浜松大平台高等学校,静岡,井上,既存
静岡県立浜名高等学校,静岡,井上,既存
静岡県立富岳館高等学校,静岡,井上,既存
静岡市立観山中学校,静岡,井上,既存
静岡市立城山中学校,静岡,井上,既存
静岡市立南中学校,静岡,井上,既存
静岡女子高等学校,静岡,井上,既存
静岡大学教育学部附属静岡中学校,静岡,井上,既存
静岡大学教育学部附属島田中学校,静岡,SD,既存
千代田区立麹町小学校,東京,早﨑,既存
千代田高等学校,東京,早﨑,既存
千葉県立湖北特別支援学校,千葉,SD,既存
千葉県立松戸向陽高等学校,千葉,川合,既存
千葉県立東葛飾高等学校,千葉,深町,既存
千葉県立東葛飾中学校,千葉,深町,既存
千葉県立白井高等学校,千葉,川合,既存
千葉県立茂原樟陽高等学校,千葉,川合,既存
千葉市立高浜海浜小学校,千葉,川合,既存
千葉市立西小中台小学校,千葉,川合,既存
千葉日本大学第一高等学校,千葉,大野,既存
千葉日本大学第一中学校,千葉,大野,既存
川村高等学校,東京,丸谷,既存
川村中学校,東京,SD,既存
浅野高等学校,神奈川,丸谷,既存
船橋市立夏見台小学校,千葉,香取,既存
船橋市立海神中学校,千葉,香取,既存
船橋市立習志野台中学校,千葉,川合,既存
船橋市立坪井中学校,千葉,野崎,既存
創価中学校,東京,早﨑,既存
相模原市立谷口台小学校,神奈川,香取,既存
相模原市立内郷中学校,神奈川,香取,既存
相模女子大学高等部,神奈川,早﨑,既存
足立区立綾瀬小学校,東京,香取,既存
足立区立千寿桜小学校,東京,香取,既存
足立区立東綾瀬小学校,東京,香取,既存
大妻中野高等学校,東京,関,既存
大妻中野中学校,東京,SD,既存
大田区立志茂田中学校,東京,香取,既存
大田区立池上第二小学校,東京,井上,既存
大田区立徳持小学校,東京,井上,既存
大田区立糀谷中学校,東京,香取,既存
大島町立第三中学校,東京,香取,既存
中央学院大学中央高等学校,東京,早﨑,既存
中央区立京橋築地小学校,東京,香取,既存
中村高等学校,東京,香取,既存
中村中学校,東京,香取,既存
町田市立忠生小学校,東京,井上,既存
調布市立布田小学校,東京,香取,既存
杜若高等学校,愛知,林,既存
東海大学付属静岡翔洋高等学校,静岡,井上,既存
東京女学館高等学校,東京,香取,既存
東京大学教育学部附属中等教育学校,東京,井上,既存
東京電機大学高等学校,東京,井上,既存
東京都立芦花高等学校,東京,井上,既存
東京都立王子総合高等学校,東京,井上,既存
東京都立葛飾総合高等学校,東京,香取,既存
東京都立江戸川高等学校,東京,香取,既存
東京都立小金井北高等学校,東京,関,既存
東京都立神津高等学校,東京,香取,既存
東京都立西高等学校,東京,香取,既存
東京都立足立特別支援学校,東京,井上,既存
東京都立大田桜台高等学校,東京,香取,既存
東京都立忍岡高等学校,東京,香取,既存
東京都立白鴎高等学校附属中学校,東京,早﨑,既存
東京都立立川国際中等教育学校,東京,SD,既存
東村山市立久米川小学校,東京,香取,既存
藤村女子高等学校,東京,丸谷,既存
特定非営利活動法人くるくる,愛知,井上,既存
二松学舎大学附属柏中学校,千葉,香取,既存
日出学園中学校,千葉,野崎,既存
日本体育大学荏原高等学校,東京,香取,既存
日本体育大学柏高等学校,千葉,深町,既存
日本大学鶴ヶ丘高等学校,東京,関,既存
柏市立酒井根小学校,千葉,川合,既存
柏市立酒井根中学校,千葉,川合,既存
柏市立柏の葉中学校,千葉,深町,既存
函南町立東中学校,静岡,井上,既存
函南町立函南中学校,静岡,井上,既存
八王子市立中野北小学校,東京,香取,既存
八王子市立由木西小学校,東京,香取,既存
八千代市立勝田台小学校,千葉,川合,既存
磐田東高等学校,静岡,井上,既存
品川区立小山台小学校,東京,香取,既存
品川区立芳水小学校,東京,香取,既存
浜松市立可美中学校,静岡,井上,既存
不二聖心女子学院中学校,静岡,SD,既存
富士市立吉原第二中学校,静岡,井上,既存
富士市立高等学校,静岡,井上,既存
富士市立富士南中学校,静岡,井上,既存
府中市立府中第二中学校,東京,香取,既存
平塚市立山下小学校,神奈川,香取,既存
宝仙学園中学校,東京,早﨑,既存
法政大学高等学校,東京,早﨑,既存
豊田市(豊田市高校生アントレプレナーシップ教育実証事業業務委),愛知,井上,既存
豊田市立逢妻中学校,愛知,SD,既存
豊田市立井郷中学校,愛知,SD,既存
豊田市立御蔵小学校,愛知,井上,既存
豊田市立小原中部小学校,愛知,井上,既存
豊田市立小渡小学校,愛知,井上,既存
豊田大谷高等学校,愛知,SD,既存
豊島岡女子学園中学校,東京,井上,既存
豊島学院高等学校,東京,香取,既存
豊島区立仰高小学校,東京,香取,既存
豊島区立椎名町小学校,東京,香取,既存
北鎌倉女子学園高等学校,神奈川,香取,既存
北区立袋小学校,東京,香取,既存
北区立梅木小学校,東京,香取,既存
墨田区立中川小学校,東京,井上,既存
明治大学付属八王子中学校,東京,SD,既存
茂原市立南中学校,千葉,SD,既存
木更津市立八幡台小学校,千葉,川合,既存
理系ブロッサム,東京,香取,既存
陸上自衛隊高等工科学校,神奈川,関,既存
練馬区立早宮小学校,東京,香取,既存
練馬区立南町小学校,東京,香取,既存
和洋国府台女子高等学校,千葉,田口,既存
CLARK SMART芦屋,,平見,既存
CLARK SMART大阪天王寺,大阪,平見,既存
CLARK SMART大阪梅田,大阪,平見,既存
CLARK SMART名古屋,愛知,平見,既存
Kiddy四日市あかつき,三重,平見,既存
屋久島おおぞら高等学校,愛知,SD,既存
アイ・ピー・ファイン株式会社,奈良,吉澤,既存
うつほの杜学園小学校,和歌山,猿山,既存
クラーク記念国際高等学校 岐阜キャンパス,岐阜,平見,既存
クラーク記念国際高等学校 三田キャンパス,兵庫,平見,既存
クラーク記念国際高等学校 神戸三宮キャンパス,兵庫,平見,既存
クラーク記念国際高等学校 西神中央キャンパス,兵庫,平見,既存
クラーク記念国際高等学校京都キャンパス,京都,平見,既存
クラーク記念国際高等学校姫路キャンパス,兵庫,平見,既存
クラーク国際中等部 名古屋キャンパス,愛知,平見,既存
つなぐる株式会社,奈良,吉澤,既存
ユーラスエナジーホールディングス,東京,本田,既存
ユーラス八雲ソーラーパーク合同会社,北海道,本田,既存
愛西市立永和中学校,愛知,平見,既存
愛西市立開治小学校,愛知,平見,既存
愛西市立市江小学校,愛知,平見,既存
愛西市立八開中学校,愛知,平見,既存
愛知教育大学,愛知,平見,既存
愛知県立一宮南高等学校,愛知,SD,既存
愛知県立刈谷高等学校附属中学校,愛知,SD,既存
愛知県立犬山高等学校,愛知,平見,既存
愛知県立犬山総合高等学校,愛知,松岡,既存
愛知県立松平高等学校,愛知,平見,既存
愛知県立知立東高等学校,愛知,SD,既存
愛知県立津島高等学校,愛知,SD,既存
愛知県立東海樟風高等学校,愛知,宮北,既存
愛媛県立弓削高等学校,愛媛,平見,既存
安城市立明和小学校,愛知,平見,既存
伊丹市立稲野小学校,兵庫,平見,既存
伊丹市立北中学校,兵庫,猿山,既存
伊予市立伊予中学校,愛媛,平見,既存
一般社団法人奈良発明協会,奈良,吉澤,既存
稲沢市立丸甲小学校,愛知,平見,既存
茨木市立三島中学校,大阪,平見,既存
宇和島市立吉田中学校,愛媛,平見,既存
宇和島市立三間中学校,愛媛,平見,既存
羽島郡岐南町立東小学校,岐阜,平見,既存
英心高等学校,三重,吉澤,既存
英心高等学校桔梗が丘校,三重,吉澤,既存
越前市武生第六中学校,福井,SD,既存
王寺町立王寺南義務教育学校,奈良,宮北,既存
王寺町立王寺北義務教育学校,奈良,宮北,既存
岡崎市立六名小学校,愛知,平見,既存
下呂市立竹原小学校,岐阜,平見,既存
加茂郡七宗町立神渕小学校,岐阜,平見,既存
可児郡御嵩町立伏見小学校,岐阜,平見,既存
河内長野市立長野中学校,大阪,猿山,既存
華頂女子高等学校,京都,松岡,既存
海星高等学校,三重,菅澤,既存
海星中学校,三重,菅澤,既存
学校法人生光学園生光学園中学校,徳島,植村,既存
株式会社 類設計室,奈良,吉澤,既存
株式会社チュチュアンナ,奈良,吉澤,既存
株式会社井上天極堂,奈良,吉澤,既存
株式会社高木包装,奈良,吉澤,既存
株式会社創喜,奈良,吉澤,既存
刈谷市立富士松北小学校,愛知,,既存
関市立下有知小学校,岐阜,平見,既存
関市立桜ヶ丘中学校,岐阜,平見,既存
関西創価中学校,大阪,植村,既存
関西福祉科学大学高等学校,大阪,植村,既存
岸和田市立春木小学校,大阪,平見,既存
岩倉市立岩倉南小学校,愛知,平見,既存
岐阜県立益田清風高等学校,岐阜,本田,既存
岐阜県立郡上北高等学校,岐阜,本田,既存
紀の川市立粉河中学校,和歌山,平見,既存
亀岡市立詳徳中学校,京都,平見,既存
亀岡市立大井小学校,京都,平見,既存
京都橘高等学校,京都,松岡,既存
京都共栄学園高等学校,京都,松岡,既存
京都共栄学園中学校,京都,松岡,既存
京都教育大学附属高等学校,京都,松岡,既存
京都光華高等学校,京都,松岡,既存
京都産業大学,京都,松岡,既存
京都市立京都御池中学校,京都,松岡,既存
京都市立朱雀第六小学校,京都,平見,既存
京都市立西京高等学校附属中学校,京都,松岡,既存
京都市立醍醐中学校,京都,平見,既存
京都市立東山泉小中学校,京都,平見,既存
京都市立日吉ケ丘高等学校,京都,松岡,既存
京都市立明徳小学校,京都,平見,既存
京都先端科学大学附属高等学校,京都,松岡,既存
京都府立大江高等学校,京都,平見,既存
京都府立木津高等学校,京都,松岡,既存
京都府立与謝の海支援学校,京都,平見,既存
京都文教高等学校,京都,松岡,既存
近畿大学附属中学校,大阪,溝口,既存
近畿大学附属和歌山高等学校,和歌山,平見,既存
近江八幡市立金田小学校,滋賀,平見,既存
金蘭千里高等学校,大阪,吉澤,既存
啓明学館高等学校,愛知,吉澤,既存
五條メディカル株式会社,奈良,吉澤,既存
御所市立御所小学校,奈良,平見,既存
光泉カトリック中学校,滋賀,松岡,既存
広陵化学工業株式会社,奈良,吉澤,既存
香南市立夜須中学校,高知,平見,既存
香里ヌヴェール学院高等学校,大阪,溝口,既存
高山市立花里小学校,岐阜,平見,既存
高山市立新宮小学校,岐阜,平見,既存
高山市立清見中学校,岐阜,平見,既存
高山市立栃尾小学校,岐阜,平見,既存
高松市立牟礼南小学校,香川,平見,既存
高石市立高石中学校,大阪,平見,既存
高槻市立芥川小学校,大阪,平見,既存
高槻市立第一中学校,大阪,平見,既存
国広産業株式会社,奈良,吉澤,既存
済美高等学校,岐阜,菅澤,既存
堺市立宮園小学校,大阪,平見,既存
堺市立深井中央中学校,大阪,平見,既存
堺市立深阪小学校,大阪,猿山,既存
堺市立津久野小学校,大阪,平見,既存
堺市立陵南中学校,大阪,平見,既存
桜丘高等学校,愛知,菅澤,既存
三好市立山城中学校,徳島,平見,既存
三重県教育委員会,三重,宮北,既存
三重県立あけぼの学園高等学校,三重,平見,既存
三重県立みえ夢学園高等学校,三重,,既存
三重県立熊野青藍高等学校紀南校舎,三重,宮北,既存
三重県立熊野青藍高等学校木本校舎,三重,宮北,既存
三宅町立三宅小学校,奈良,宮北,既存
三田学園中学校,兵庫,細川,既存
三田松聖高等学校,兵庫,平見,既存
"三豊市（公立2校SS,クラブ指導者研修）",香川,宮北,既存
三木市立自由が丘中学校,兵庫,平見,既存
四国医療専門学校,香川,SD,既存
四日市市立羽津中学校,三重,SD,既存
滋賀県立河瀬中学校,滋賀,平見,既存
滋賀県立信楽高等学校,滋賀,平見,既存
滋賀県立北大津高等学校,滋賀,松岡,既存
鹿児島湧水ソーラーパーク合同会社,東京,本田,既存
社会福祉法人 愛和会,奈良,吉澤,既存
若狭町立みそみ小学校,福井,平見,既存
就労移行支援事業所スリーピース今里,大阪,植村,既存
淳心学院高等学校,兵庫,平見,既存
淳心学院中学校,兵庫,平見,既存
小浜市立雲浜小学校,福井,平見,既存
小牧市立光ヶ丘中学校,愛知,猿山,既存
小牧市立桃陵中学校,愛知,猿山,既存
松蔭高等学校,兵庫,SD,既存
城陽市立城陽中学校,京都,平見,既存
常翔学園高等学校,大阪,植村,既存
常翔学園中学校,大阪,植村,既存
常翔啓光学園高等学校,大阪,植村,既存
常翔啓光学園中学校,大阪,溝口,既存
寝屋川市立第二中学校,大阪,植村,既存
寝屋川市立第六中学校,大阪,平見,既存
寝屋川市立田井小学校,大阪,平見,既存
神戸国際大学附属高等学校,兵庫,平見,既存
神戸市立丸山中学校,兵庫,平見,既存
神戸市立岩岡中学校,兵庫,平見,既存
神戸市立山の手小学校,兵庫,平見,既存
神戸市立須磨北中学校,兵庫,平見,既存
神戸市立桃山台中学校,兵庫,平見,既存
神戸市立灘の浜小学校,兵庫,平見,既存
神戸市立北五葉小学校,兵庫,平見,既存
神戸常盤大学,兵庫,平見,既存
吹田市立吹田第一小学校,大阪,平見,既存
瀬戸市立原山小学校,愛知,平見,既存
星翔高等学校,大阪,溝口,既存
聖心学園中等教育学校,奈良,吉澤,既存
西宮市立西宮東高等学校,兵庫,平見,既存
西大和学園中学校,奈良,吉澤,既存
西濃学園高等学校,岐阜,林,既存
西尾市立荻原小学校,愛知,平見,既存
西脇市立日野小学校,兵庫,平見,既存
専修学校クラーク高等学院芦屋校,兵庫,平見,既存
専修学校クラーク高等学院大阪梅田校,大阪,平見,既存
専修学校クラーク高等学院天王寺校,大阪,平見,既存
専修学校クラーク高等学院姫路校,兵庫,平見,既存
専修学校クラーク高等学院名古屋校,愛知,平見,既存
川西町・三宅町式下中学校組合立式下中学校,奈良,吉澤,既存
泉佐野市立第三小学校,大阪,平見,既存
泉大津ソーラーパーク株式会社,東京,本田,既存
早稲田大阪高等学校,大阪,平見,既存
相愛高等学校,大阪,植村,既存
相愛中学校,大阪,植村,既存
多治見西高等学校,岐阜,本田,既存
多治見西中学校,岐阜,SD,既存
大阪学院大学高等学校,大阪,本田,既存
大阪狭山市立西小学校,大阪,平見,既存
大阪産業大学附属高等学校,大阪,植村,既存
大阪市立塩草立葉小学校,大阪,平見,既存
大阪市立勝山小学校,大阪,平見,既存
大阪市立野田中学校,大阪,平見,既存
大阪市立夕陽丘中学校,大阪,平見,既存
大阪信愛学院高等学校,大阪,植村,既存
大阪成蹊女子高等学校,大阪,植村,既存
大阪青凌高等学校,大阪,松岡,既存
大阪府立桜和高等学校,大阪,平見,既存
大阪府立住吉商業高等学校,大阪,平見,既存
大阪府立摂津高等学校,大阪,SD,既存
大阪府立大阪わかば高等学校,大阪,平見,既存
大阪府立刀根山高等学校,大阪,猿山,既存
大阪府立豊中高等学校能勢分校,大阪,宮北,既存
大阪府立鳳高等学校,大阪,猿山,既存
大阪府立牧野高等学校,大阪,平見,既存
大阪府立枚岡樟風高等学校,大阪,平見,既存
大阪府立緑風冠高等学校,大阪,植村,既存
大阪偕星学園高等学校,大阪,植村,既存
大手前大学,兵庫,平見,既存
大商学園高等学校,大阪,植村,既存
大谷中学校,大阪,吉澤,既存
大津市立石山中学校,滋賀,平見,既存
大津市立北大路中学校,滋賀,平見,既存
大東市立深野中学校,大阪,平見,既存
大同大学大同高等学校,愛知,平見,既存
滝川第二中学校,兵庫,植村,既存
滝川中学校,兵庫,細川,既存
淡路市立塩田小学校,兵庫,平見,既存
知立市立知立南中学校,愛知,平見,既存
朝来市立中川小学校,兵庫,平見,既存
長浜市立朝日小学校,滋賀,平見,既存
津島市立藤浪中学校,愛知,SD,既存
追手門学院大手前高等学校,大阪,本田,既存
土庄町立豊島小学校,香川,,既存
島本町立第一中学校,大阪,SD,既存
東海学園高等学校,愛知,SD,既存
東近江市立玉園中学校,滋賀,平見,既存
東大阪市立新喜多中学校,大阪,植村,既存
東大阪市立長栄中学校,大阪,植村,既存
東大阪市立縄手北中学校,大阪,植村,既存
東大阪市立縄手北中学校区,大阪,植村,既存
東邦高等学校,愛知,松岡,既存
桃山学院大学,大阪,宮北,既存
藤井寺市立道明寺南小学校,大阪,平見,既存
徳島市川内北小学校,徳島,平見,既存
苫東安平ソーラーパーク合同会社,北海道,本田,既存
敦賀市立敦賀南小学校,福井,平見,既存
奈良学園登美ヶ丘中学校,奈良,吉澤,既存
奈良県立ろう学校,奈良,平見,既存
奈良市立一条高等学校附属中学校,奈良,吉澤,既存
奈良市立月ヶ瀬小学校,奈良,平見,既存
奈良市立西大寺北小学校,奈良,平見,既存
奈良市立都跡中学校,奈良,吉澤,既存
奈良市立平城小学校,奈良,平見,既存
奈良女子高等学校,奈良,吉澤,既存
奈良大学附属高等学校,奈良,宮北,既存
南山大学,愛知,平見,既存
南知多町教育委員会,愛知,菅澤,既存
尼崎市立琴ノ浦高等学校,兵庫,溝口,既存
尼崎市立尼崎双星高等学校,兵庫,細川,既存
日本福祉大学付属高等学校,愛知,菅澤,既存
能勢町立能勢ささゆり学園,大阪,宮北,既存
梅乃宿酒造株式会社,奈良,吉澤,既存
八尾市立西山本小学校,大阪,平見,既存
尾張旭市立旭中学校,愛知,SD,既存
尾張旭市立城山小学校,愛知,平見,既存
美濃加茂中学校,岐阜,SD,既存
姫路市立飾磨高等学校,兵庫,平見,既存
姫路女学院高等学校,兵庫,細川,既存
百合学院高等学校,兵庫,溝口,既存
富田林市立向陽台小学校,大阪,平見,既存
扶桑町立扶桑北中学校,愛知,平見,既存
福井県立羽水高等学校,福井,SD,既存
福井県立坂井高等学校,福井,SD,既存
福井県立勝山高等学校,福井,SD,既存
福井市旭小学校,福井,平見,既存
福井市岡保小学校,福井,平見,既存
福井市成和中学校,福井,,既存
兵庫県立あわじ特別支援学校,兵庫,平見,既存
兵庫県立社高等学校,兵庫,平見,既存
兵庫県立神戸甲北高等学校,兵庫,平見,既存
兵庫県立神崎工業高等学校,兵庫,平見,既存
兵庫県立東はりま特別支援学校,兵庫,平見,既存
兵庫県立尼崎西高等学校,兵庫,平見,既存
兵庫県立播磨特別支援学校,兵庫,平見,既存
宝塚市立安倉中学校,兵庫,平見,既存
宝塚市立高司中学校,兵庫,平見,既存
宝塚市立末成小学校,兵庫,平見,既存
豊橋市立汐田小学校,愛知,平見,既存
豊橋市立松山小学校,愛知,平見,既存
豊橋市立津田小学校,愛知,平見,既存
豊川高等学校,愛知,SD,既存
豊中市立第十七中学校,大阪,平見,既存
豊中市立第八中学校,大阪,宮北,既存
北海道追分高等学校,北海道,本田,既存
北陸高等学校,福井,菅澤,既存
枚方市立第三中学校,大阪,杉橋,既存
箕面自由学園高等学校,大阪,平見,既存
名古屋市立久方中学校,愛知,SD,既存
名古屋市立戸田小学校,愛知,平見,既存
名古屋市立山田東中学校,愛知,SD,既存
名古屋市立守山西中学校,愛知,平見,既存
名古屋市立新郊中学校,愛知,平見,既存
名古屋市立神丘中学校,愛知,平見,既存
名古屋市立川原小学校分校,愛知,平見,既存
名古屋市立廿軒家小学校,愛知,平見,既存
名古屋市立矢田中学校,愛知,平見,既存
名古屋市立緑高等学校,愛知,SD,既存
明星中学校,大阪,植村,既存
有田市立箕島小学校,和歌山,平見,既存
葉山町立葉山小学校,神奈川,本田,既存
利晶学園中学校,大阪,吉澤,既存
履正社高等学校,大阪,本田,既存
履正社中学校,大阪,本田,既存
立命館宇治中学校,京都,吉澤,既存
流通科学大学,兵庫,細川,既存
龍谷大学付属平安高等学校,京都,松岡,既存
麗澤瑞浪高等学校,岐阜,SD,既存
和歌山県立南紀はまゆう支援学校,和歌山,平見,既存
和泉市立光明台中学校,大阪,平見,既存
和泉市立南池田中学校,大阪,猿山,既存
和泉市立和泉中学校,大阪,猿山,既存
株主向けイベント8/6講師派遣,愛知,,既存
CLARK SMARTさいたま,埼玉,北見,既存
アイルコーポレーション,埼玉,大野,既存
いわき市教育委員会,福島,川合,既存
クラークNEXT高等学校,宮城,関,既存
クラーク記念国際高等学校 さいたまキャンパス,埼玉,北見,既存
クラーク記念国際高等学校 旭川キャンパス,北海道,SD,既存
クラーク記念国際高等学校 所沢キャンパス,埼玉,北見,既存
クラーク記念国際高等学校 深川キャンパス,北海道,関,既存
クラーク記念国際高等学校 苫小牧キャンパス,北海道,SD,既存
ぐんま国際アカデミー初等部,群馬,川合,既存
サイサン,埼玉,川合,既存
さいたま市VALUE研修,埼玉,北見,既存
さいたま市教育委員会,埼玉,北見,既存
さいたま市立栄和小学校,埼玉,北見,既存
さいたま市立岸中学校,埼玉,深町,既存
さいたま市立宮前中学校,埼玉,北見,既存
さいたま市立見沼小学校,埼玉,北見,既存
さいたま市立慈恩寺小学校,埼玉,北見,既存
さいたま市立春里中学校,埼玉,川合,既存
さいたま市立上落合小学校,埼玉,北見,既存
さいたま市立西原中学校,埼玉,北見,既存
さいたま市立大宮国際中等教育学校,埼玉,川合,既存
さいたま市立大谷場東小学校,埼玉,北見,既存
さいたま市立大牧小学校,埼玉,北見,既存
さいたま市立仲町小学校,埼玉,北見,既存
さいたま市立美園小学校,埼玉,北見,既存
さいたま市立美園南中学校,埼玉,深町,既存
さいたま市立与野東中学校,埼玉,川合,既存
さいたま市立与野八幡小学校,埼玉,北見,既存
さいたま市立和土小学校,埼玉,北見,既存
シンミドウ,埼玉,北見,既存
つくばみらい市立富士見ヶ丘小学校,茨城,川合,既存
つくばみらい市立豊小学校,茨城,川合,既存
つくば市立香取台小学校,茨城,川合,既存
デサン,埼玉,北見,既存
ファインモータースクール,埼玉,川合,既存
ポーライト,埼玉,北見,既存
マレリ,埼玉,大野,既存
ろりぽっぷ小学校,宮城,川合,既存
阿見町立あさひ小学校,茨城,川合,既存
阿見町立阿見第二小学校,茨城,川合,既存
茨城県立下妻第一高等学校附属中学校,茨城,川合,既存
茨城県立古河中等教育学校,茨城,SD,既存
茨城県立水海道第一高等学校附属中学校,茨城,川合,既存
茨城県立並木中等教育学校,茨城,川合,既存
浦和学院高等学校,埼玉,大野,既存
浦和麗明高等学校,埼玉,SD,既存
岡谷市立岡谷北部中学校,長野,川合,既存
加茂暁星高等学校,新潟,関,既存
霞ヶ浦高等学校,茨城,大野,既存
角田市立角田中学校,宮城,川合,既存
角田市立北郷小学校,宮城,川合,既存
宮古市立花輪中学校,岩手,川合,既存
桐生第一中学校,群馬,川合,既存
金ケ崎町立永岡小学校,岩手,川合,既存
金沢市立額中学校,石川,SD,既存
金沢市立小立野小学校,石川,林,既存
金沢市立西南部中学校,石川,SD,既存
金沢市立大徳中学校,石川,SD,既存
群馬県立伊勢崎清明高等学校,群馬,川合,既存
群馬県立高崎東高等学校,群馬,川合,既存
群馬県立新田暁高等学校,群馬,大野,既存
群馬県立大間々高等学校,群馬,SD,既存
群馬県立大泉高等学校,群馬,川合,既存
見附市立新潟小学校,新潟,川合,既存
古河市立三和中学校,茨城,SD,既存
江戸川学園取手中学校,茨城,SD,既存
高崎健康福祉大学高崎高等学校,群馬,川合,既存
佐久市立中佐都小学校,長野,川合,既存
佐伯工務店,埼玉,北見,既存
埼玉栄高等学校,埼玉,大野,既存
埼玉県立浦和商業高等学校,埼玉,北見,既存
埼玉県立狭山工業高等学校,埼玉,川合,既存
埼玉県立所沢商業高等学校,埼玉,佐原,既存
埼玉県立上尾南高等学校,埼玉,SD,既存
埼玉県立新座総合技術高等学校,埼玉,SD,既存
埼玉県立蓮田松韻高等学校,埼玉,北見,既存
札幌市立稲陵中学校,北海道,川合,既存
札幌市立山の手南小学校,北海道,川合,既存
札幌市立豊園小学校,北海道,川合,既存
三芳町立唐沢小学校,埼玉,川合,既存
山形県立致道館中学校,山形,関,既存
山村国際高等学校,埼玉,佐原,既存
山辺町立山辺中学校,山形,SD,既存
山梨県立富士北稜高等学校,山梨,大野,既存
四谷学院高等学校,茨城,大野,既存
市立函館高等学校,北海道,川合,既存
射水市立小杉南中学校,富山,林,既存
取手市立取手東小学校,茨城,川合,既存
珠洲市立上戸小学校,石川,林,既存
酒田市立富士見小学校,山形,SD,既存
所沢市立宮前小学校,埼玉,川合,既存
所沢市立三ケ島小学校,埼玉,川合,既存
所沢市立北中小学校,埼玉,川合,既存
小松市立国府中学校,石川,SD,既存
小千谷市立南中学校,新潟,川合,既存
小美玉市立竹原小学校,茨城,川合,既存
昭和薬科大学附属中学校,沖縄,川合,既存
松本国際高等学校,長野,川合,既存
松本市立中山小学校,長野,川合,既存
上越市立直江津東中学校,新潟,川合,既存
上山市立南中学校,山形,SD,既存
上川町立上川中学校,北海道,川合,既存
上田市立塩田中学校,長野,川合,既存
上田市立川辺小学校,長野,大野,既存
上尾市立瓦葺小学校,埼玉,川合,既存
新潟県立新潟商業高等学校,新潟,川合,既存
新潟県立津南中等教育学校,新潟,関,既存
新潟市立黒埼南小学校,新潟,関,既存
新潟明訓中学校,新潟,SD,既存
新座市立野寺小学校,埼玉,川合,既存
新庄市立萩野学園,山形,川合,既存
新明ホールディングス,埼玉,北見,既存
森町立森中学校,北海道,SD,既存
水戸市立稲荷第二小学校,茨城,川合,既存
杉野技巧,埼玉,北見,既存
星の杜中学校,栃木,関,既存
盛岡市立上田中学校,岩手,川合,既存
聖籠町立山倉小学校,新潟,川合,既存
青森県立大湊高等学校,青森,川合,既存
青森市立横内中学校,青森,SD,既存
石巻市立和渕小学校,宮城,川合,既存
石川県立金沢泉丘高等学校,石川,SD,既存
石川県立野々市明倫高等学校,石川,林,既存
仙台市立八乙女小学校,宮城,川合,既存
千歳市立駒里小学校,北海道,川合,既存
千歳市立北斗中学校,北海道,川合,既存
専修学校クラーク高等学院札幌大通校,北海道,関,既存
専修大学北上高等学校,岩手,川合,既存
川越市立霞ケ関中学校,埼玉,川合,既存
川越市立月越小学校,埼玉,川合,既存
川越市立城南中学校,埼玉,北見,既存
川口市立芝東中学校,埼玉,川合,既存
川崎町立川崎小学校,宮城,川合,既存
前橋市立新田小学校,群馬,川合,既存
草加市立青柳中学校,埼玉,川合,既存
草加市立谷塚中学校,埼玉,SD,既存
多賀城市立多賀城小学校,宮城,川合,既存
太田市立太田中学校,群馬,川合,既存
帯広市立東小学校,北海道,川合,既存
大館市立扇田小学校,秋田,川合,既存
大宮開成高等学校,埼玉,北見,既存
大泉町立東小学校,群馬,川合,既存
辰野町塩尻市小学校組合立両小野小学校,長野,川合,既存
秩父市立荒川西小学校,埼玉,川合,既存
中川村立中川中学校,長野,川合,既存
長岡市立下川西小学校,新潟,川合,既存
長野県上田千曲高等学校,長野,大野,既存
長野市立篠ノ井東中学校,長野,大野,既存
長野市立長野中学校,長野,児浦,既存
鶴岡市立朝暘第五小学校,山形,川合,既存
東根市立第二中学校,山形,関,既存
栃木県立佐野高等学校附属中学校,栃木,大野,既存
内藤環境管理,埼玉,川合,既存
南木曽町立南木曽小学校,長野,川合,既存
日さく,埼玉,北見,既存
日本大学東北高等学校,福島,SD,既存
入間市立東金子中学校,埼玉,川合,既存
白山市立旭丘小学校,石川,林,既存
函館市立桔梗中学校,北海道,川合,既存
八戸市立城下小学校,青森,川合,既存
八戸市立豊崎中学校,青森,川合,既存
飯田市立旭ヶ丘中学校,長野,川合,既存
富山県立滑川高等学校,富山,寺崎,既存
富山県立小杉高等学校,富山,寺崎,既存
富山県立富山いずみ高等学校,富山,SD,既存
富山国際大学付属高等学校,富山,大我,既存
富士見市立勝瀬小学校,埼玉,川合,既存
富谷市立富谷第二中学校,宮城,関,既存
武蔵コーポレーション,埼玉,北見,既存
福島市立福島第一小学校,福島,川合,既存
米沢市立第一中学校,山形,川合,既存
北海高等学校,北海道,SD,既存
北海道ニセコ高等学校,北海道,北見,既存
北海道伊達開来高等学校,北海道,川合,既存
北海道遠軽高等学校,北海道,川合,既存
北海道札幌国際情報高等学校,北海道,SD,既存
北海道豊富高等学校,北海道,川合,既存
北海道湧別高等学校,北海道,川合,既存
北杜市立甲陵高等学校,山梨,川合,既存
本庄東高等学校,埼玉,川合,既存
本庄東高等学校附属中学校,埼玉,SD,既存
毎日興業,埼玉,北見,既存
妙高市立妙高中学校,新潟,川合,既存
亘理町立長瀞小学校,宮城,川合,既存
CLARK SMART福岡,福岡,福本,既存
オルタナティブスクール　スタディプレイス,福岡,福本,既存
クラーク記念国際高等学校 熊本キャンパス,熊本,福本,既存
クラーク記念国際高等学校 広島キャンパス,広島,瀧沢,既存
クラーク記念国際高等学校 鹿児島キャンパス,鹿児島,高出,既存
さつま町立薩摩小学校,鹿児島,福島,既存
シンギュラリティ高等学校,広島,福本,既存
はぴぷら食堂,福岡,高出,既存
ワオ高等学校,岡山,瀧沢,既存
綾町立綾中学校,宮崎,福島,既存
雲南市立三刀屋中学校,島根,高出,既存
益田市立益田東中学校,島根,瀧沢,既存
延岡市立旭中学校,宮崎,福島,既存
岡山学芸館高等学校,岡山,瀧沢,既存
岡山県立早島支援学校,岡山,瀧沢,既存
岡山県立津山商業高等学校,岡山,瀧沢,既存
岡山市立宇野小学校,岡山,瀧沢,既存
岡山市立京山中学校,岡山,瀧沢,既存
岡山市立庄内小学校,岡山,瀧沢,既存
岡山市立竜操中学校,岡山,瀧沢,既存
岡山中学校,岡山,瀧沢,既存
下関市立誠意小学校,山口,高出,既存
下関市立本村小学校,山口,高出,既存
開星高等学校,島根,SD,既存
宮崎県立宮崎農業高等学校,宮崎,福島,既存
宮崎県立高鍋高等学校,宮崎,福島,既存
宮崎市立池内小学校,宮崎,福島,既存
近畿大学附属広島中学校福山校,広島,福本,既存
九州女子大学,福岡,高出,既存
九州文化学園高等学校,長崎,高出,既存
熊本県立菊池支援学校,熊本,高出,既存
熊本県立熊本はばたき高等支援学校,熊本,高出,既存
熊本市立京陵中学校清水が丘分校,熊本,高出,既存
五ヶ瀬町立五ヶ瀬中学校,宮崎,福島,既存
広島県立可部高等学校,広島,瀧沢,既存
広島県立呉三津田高等学校,広島,瀧沢,既存
広島市立井口台中学校,広島,瀧沢,既存
広島市立宇品東小学校,広島,瀧沢,既存
江津市立江津東小学校,島根,瀧沢,既存
江津市立桜江中学校,島根,瀧沢,既存
江津市立青陵中学校,島根,瀧沢,既存
行橋市立泉中学校,福岡,高出,既存
高鍋町立高鍋東中学校,宮崎,福島,既存
佐賀県立神埼清明高等学校,佐賀,高出,既存
佐賀県立武雄青陵中学校,佐賀,高出,既存
佐賀市立春日北小学校,佐賀,高出,既存
佐賀市立城東中学校,佐賀,高出,既存
佐賀清和高等学校,佐賀,高出,既存
山口県立下関中等教育学校,山口,高出,既存
山口県立山口総合支援学校みほり分校,山口,高出,既存
山口市立名田島小学校,山口,高出,既存
糸島市立二丈中学校,福岡,高出,既存
鹿屋市立田崎小学校,鹿児島,福島,既存
鹿児島市立吉田北中学校,鹿児島,福島,既存
鹿児島市立南方小学校,鹿児島,福島,既存
鹿児島実業高等学校,鹿児島,高出,既存
鹿児島純心女子高等学校,鹿児島,福島,既存
鹿児島純心女子中学校,鹿児島,SD,既存
周防大島町立大島中学校,山口,高出,既存
就実中学校,岡山,SD,既存
出雲市立北陽小学校,島根,瀧沢,既存
春日市立春日西中学校,福岡,高出,既存
春日市立春日中学校,福岡,高出,既存
純真高等学校,福岡,高出,既存
小郡市立三国中学校,福岡,高出,既存
上智福岡高等学校,福岡,福本,既存
西都市立銀鏡中学校,宮崎,福島,既存
西都市立都於郡中学校,宮崎,SD,既存
西南学院高等学校,福岡,福本,既存
西米良村立西米良中学校,宮崎,福島,既存
専門学校東京国際ビジネスカレッジ福岡校,福岡,福本,既存
倉吉市立社小学校,鳥取,瀧沢,既存
倉吉市立上灘小学校,鳥取,瀧沢,既存
倉敷市立旭丘小学校,岡山,瀧沢,既存
倉敷市立真備中学校,岡山,瀧沢,既存
倉敷市立第五福田小学校,岡山,瀧沢,既存
倉敷市立連島東小学校,岡山,瀧沢,既存
倉敷市立老松小学校,岡山,瀧沢,既存
蒼明学院中等部,岡山,瀧沢,既存
大分県立臼杵高等学校,大分,福島,既存
大分県立日田三隈高等学校,大分,SD,既存
大分県立別府翔青高等学校,大分,SD,既存
大木町立大木中学校,福岡,高出,既存
大野城市立大野北小学校,福岡,高出,既存
大野城市立大利中学校,福岡,高出,既存
筑紫野市立筑紫野南中学校,福岡,高出,既存
筑陽学園高等学校,福岡,高出,既存
中間市立中間東中学校,福岡,SD,既存
長崎県立長崎東中学校,長崎,高出,既存
長崎市立外海中学校,長崎,高出,既存
長崎市立池島小学校,長崎,高出,既存
長崎市立池島中学校,長崎,高出,既存
長崎市立東長崎中学校,長崎,高出,既存
長崎日本大学中学校,長崎,福本,既存
長島町立平尾中学校,鹿児島,福島,既存
椎葉村立尾向小学校,宮崎,福島,既存
都城市立五十市中学校,宮崎,福島,既存
唐津市プロポーザル,佐賀,高出,既存
島原市立有明中学校,長崎,高出,既存
東九州龍谷高等学校,大分,高出,既存
東福岡高等学校,福岡,福本,既存
東福岡自彊館中学校,福岡,福本,既存
東明館高等学校,佐賀,高出,既存
八頭町立郡家東小学校,鳥取,瀧沢,既存
武田高等学校,広島,瀧沢,既存
福岡ＥＣＯ動物海洋専門学校,福岡,高出,既存
福岡県立小倉東高等学校,福岡,高出,既存
福岡県立新宮高等学校,福岡,高出,既存
福岡県立朝倉光陽高等学校,福岡,高出,既存
福岡県立直方特別支援学校,福岡,高出,既存
福岡県立柏陵高等学校,福岡,高出,既存
福岡工業大学附属城東高等学校,福岡,福本,既存
福岡市立吉塚小学校,福岡,高出,既存
福岡市立高取中学校,福岡,高出,既存
福岡市立西陵小学校,福岡,,既存
福岡市立長丘中学校,福岡,,既存
福岡市立姪浜中学校,福岡,高出,既存
福岡女子商業高等学校,福岡,高出,既存
福岡城西学園（旧神村学園高等学校福岡学習センター）,福岡,福本,既存
福岡舞鶴高等学校,福岡,福本,既存
福山暁の星女子中学校,広島,福本,既存
福山市立済美中学校,広島,SD,既存
福山市立城南中学校,広島,瀧沢,既存
福山市立精華中学校,広島,瀧沢,既存
福山市立大成館中学校,広島,瀧沢,既存
福山市立東中学校,広島,瀧沢,既存
福山市立道上小学校,広島,瀧沢,既存
福山市立有磨小学校,広島,瀧沢,既存
豊後大野市立犬飼中学校,大分,福島,既存
豊後大野市立清川中学校,大分,福島,既存
北九州市立志徳中学校,福岡,高出,既存
北九州市立大蔵中学校,福岡,高出,既存
北九州市立洞北中学校,福岡,高出,既存
明光学園高等学校,福岡,高出,既存
明蓬館高等学校 博多SNEC,福岡,福本,既存
龍谷中学校,佐賀,高出,既存
諫早市立明峰中学校,長崎,高出,既存
鹿児島市立鹿児島玉龍中学校,鹿児島,児浦,新規
霧島市立横川中学校,鹿児島,児浦,新規
明光義塾高等学院,,井上,新規
愛知県立豊田西高等学校,愛知,井上,新規
愛知県立豊田北高等学校,愛知,林,新規
稲城市立稲城第六中学校,東京,,新規
浦安市立入船中学校,千葉,川合,新規
横浜市立みたけ台中学校,神奈川,井上,新規
横浜市立今宿中学校,神奈川,関,新規
横浜市立蒔田中学校,神奈川,早﨑,新規
横浜市立上の宮中学校,神奈川,早﨑,新規
横浜市立早渕中学校,神奈川,関,新規
横浜市立中川中学校,神奈川,関,新規
横浜市立万騎が原中学校,神奈川,関,新規
横浜市立六角橋中学校,神奈川,早﨑,新規
横浜創英高等学校,神奈川,関,新規
葛飾区立新小岩中学校,東京,,新規
葛飾区立大道中学校,東京,早﨑,新規
葛飾区立東金町中学校,東京,早﨑,新規
関東学院大学,神奈川,早﨑,新規
佼成学園中学校,東京,井上,新規
江戸川区立葛西第三中学校,東京,,新規
江戸川区立松江第五中学校,東京,,新規
江戸川区立二之江中学校,東京,,新規
江戸川女子高等学校,東京,,新規
江戸川女子中学校,東京,香取,新規
江東区立亀戸中学校,東京,,新規
江東区立深川第七中学校,東京,井上,新規
江東区立第二砂町中学校,東京,香取,新規
三輪田学園中学校,東京,香取,新規
市川市立塩浜学園,千葉,,新規
市川市立第三中学校,千葉,井上,新規
芝国際中学校,東京,関,新規
習志野市立第七中学校,千葉,香取,新規
習志野市立第二中学校,千葉,,新規
昭和学院秀英中学校,千葉,香取,新規
松戸市立古ケ崎中学校,千葉,,新規
松戸市立小金南中学校,千葉,井上,新規
沼津市立沼津高等学校中等部,静岡,SD,新規
沼津市立第一中学校,静岡,井上,新規
新宿区立新宿中学校,東京,SD,新規
神奈川県立神奈川総合高等学校,神奈川,関,新規
神奈川県立川崎北高等学校,神奈川,関,新規
神奈川県立相模原高等学校,神奈川,早﨑,新規
神奈川県立大師高等学校,神奈川,早﨑,新規
神奈川県立藤沢工科高等学校,神奈川,早﨑,新規
星陵高等学校,静岡,井上,新規
星槎高等学校,神奈川,関,新規
静岡市立豊田中学校,静岡,井上,新規
千代田区立九段中等教育学校,東京,井上,新規
千葉県立我孫子東高等学校,千葉,香取,新規
千葉県立国府台高等学校,千葉,井上,新規
千葉県立沼南高等学校,千葉,香取,新規
千葉県立千葉商業高等学校,千葉,香取,新規
千葉県立千葉北高等学校,千葉,香取,新規
千葉県立船橋啓明高等学校,千葉,香取,新規
千葉県立船橋法典高等学校,千葉,香取,新規
千葉県立柏の葉高等学校,千葉,香取,新規
千葉市立稲毛高等学校,千葉,関,新規
千葉市立花見川小学校,千葉,香取,新規
川崎市立宮崎中学校,神奈川,関,新規
川崎市立宮内中学校,神奈川,,新規
川崎市立住吉中学校,神奈川,早﨑,新規
川崎市立川崎中学校,神奈川,早﨑,新規
川崎市立日吉中学校,神奈川,香取,新規
船橋市立旭中学校,千葉,田口,新規
足立区立千寿青葉中学校,東京,井上,新規
大田区立久原小学校,東京,井上,新規
東海大学付属相模高等学校,神奈川,早﨑,新規
東京創価小学校,東京,井上,新規
東京都立科学技術高等学校,東京,関,新規
東京都立葛西南高等学校,東京,香取,新規
東京都立橘高等学校,東京,井上,新規
東京都立江東商業高等学校,東京,香取,新規
東京都立狛江高等学校,東京,関,新規
東京都立深川高等学校,東京,関,新規
東京都立杉並高等学校,東京,香取,新規
東京都立石神井高等学校,東京,香取,新規
東京都立竹台高等学校,東京,深町,新規
東京都立調布北高等学校,東京,関,新規
東京都立八王子東高等学校,東京,井上,新規
東京都立武蔵丘高等学校,東京,関,新規
東京都立豊多摩高等学校,東京,井上,新規
東村山市立東村山第七中学校,東京,早﨑,新規
日本学園高等学校,東京,関,新規
日本女子大学附属高等学校,神奈川,早﨑,新規
日本大学豊山高等学校,東京,香取,新規
八王子市立上柚木中学校,東京,早﨑,新規
八千代市立阿蘇米本学園,千葉,香取,新規
板橋区立板橋第一中学校,東京,早﨑,新規
富士市立岳陽中学校,静岡,井上,新規
武蔵村山市立第三中学校,東京,井上,新規
文教大学付属中学校,東京,関,新規
豊田市立豊南中学校,愛知,井上,新規
豊田西高等学校附属中学校,愛知,井上,新規
豊南高等学校,東京,関,新規
北鎌倉女子学園中学校,神奈川,香取,新規
目黒区立五本木小学校,東京,,新規
立川女子高等学校,東京,関,新規
流山市立八木北小学校,千葉,香取,新規
和洋九段女子高等学校,東京,香取,新規
國學院大學久我山中学校,東京,関,新規
たつの市立香島小学校,兵庫,,新規
愛西市立立田中学校,愛知,平見,新規
愛知県立愛知商業高等学校,愛知,平見,新規
愛知県立一宮西高等学校,愛知,猿山,新規
愛知県立佐屋高等学校,愛知,平見,新規
愛知県立小牧工科高等学校,愛知,平見,新規
愛知県立大府東高等学校,愛知,平見,新規
愛知県立名古屋西高等学校,愛知,猿山,新規
伊勢市立北浜小学校,三重,平見,新規
伊丹市立池尻小学校,兵庫,平見,新規
伊丹市立東中学校,兵庫,猿山,新規
一宮市立向山小学校,愛知,,新規
茨木市立東中学校,大阪,猿山,新規
茨木市立南中学校,大阪,猿山,新規
茨木市立豊川中学校,大阪,猿山,新規
茨木市立北陵中学校,大阪,猿山,新規
加古川市立両荘中学校,兵庫,猿山,新規
株式会社ワールド・ヘリテイジ,奈良,吉澤,新規
株式会社吉川電機製作所,奈良,吉澤,新規
観音寺市立豊浜中学校,香川,,新規
岐阜県立斐太高等学校,岐阜,猿山,新規
岐阜聖徳学園高等学校,岐阜,猿山,新規
岐阜東高等学校,岐阜,猿山,新規
京都市立嘉楽中学校,京都,,新規
京都市立勧修中学校,京都,平見,新規
京都市立近衛中学校,京都,,新規
京都市立西京極中学校,京都,猿山,新規
京都府立桂高等学校,京都,,新規
京都府立城陽高等学校,京都,,新規
京都府立北稜高等学校,京都,松岡,新規
京都両洋高等学校,京都,松岡,新規
近江八幡市立安土中学校,滋賀,平見,新規
金蘭会高等学校,大阪,細川,新規
金蘭会中学校,大阪,細川,新規
建国高等学校,大阪,猿山,新規
好文学園女子高等学校,大阪,,新規
高砂市立高砂中学校,兵庫,,新規
高砂市立松陽中学校,兵庫,猿山,新規
高山西高等学校,岐阜,林,新規
高石市立取石中学校,大阪,猿山,新規
高槻市立川西中学校,大阪,猿山,新規
高槻市立第九中学校,大阪,猿山,新規
高島市立高島小学校,滋賀,,新規
彩星工科高等学校,兵庫,細川,新規
堺市立長尾中学校,大阪,,新規
堺市立庭代台中学校,大阪,猿山,新規
堺市立浜寺東小学校,大阪,,新規
三重県立宇治山田高等学校,三重,吉澤,新規
三重県立宇治山田商業高等学校,三重,吉澤,新規
三重県立名張高等学校,三重,吉澤,新規
三重県立名張青峰高等学校,三重,吉澤,新規
みえ大台おおぞら高等学校,三重,,新規
三木町立田中小学校,香川,,新規
四日市市立羽津小学校,三重,,新規
四條畷市立田原中学校,大阪,猿山,新規
滋賀県立甲南高等養護学校,滋賀,,新規
滋賀県立守山北高等学校,滋賀,松岡,新規
守口市立さつき学園,大阪,猿山,新規
小野市立小野中学校,兵庫,,新規
昇陽高等学校,大阪,猿山,新規
寝屋川市立第四中学校,大阪,猿山,新規
神戸国際高等学校,兵庫,猿山,新規
神戸国際中学校,兵庫,猿山,新規
神戸市立だいち小学校,兵庫,平見,新規
神戸市立会下山小学校,兵庫,,新規
神戸市立神戸生田中学校,兵庫,猿山,新規
神戸市立多聞東中学校,兵庫,猿山,新規
神戸市立兵庫中学校,兵庫,猿山,新規
仁愛女子高等学校,福井,猿山,新規
吹田市立西山田中学校,大阪,猿山,新規
吹田市立第二中学校,大阪,猿山,新規
瀬戸市立水野中学校,愛知,平見,新規
清林館中学校,愛知,SD,新規
精華高等学校,大阪,猿山,新規
摂津市立第二中学校,大阪,猿山,新規
泉南市立泉南中学校,大阪,猿山,新規
草津市立玉川中学校,滋賀,平見,新規
大阪教育大学附属池田中学校,大阪,猿山,新規
大阪薫英女学院高等学校,大阪,猿山,新規
大阪市立阿倍野中学校,大阪,猿山,新規
大阪市立瓜破西中学校,大阪,猿山,新規
大阪市立横堤中学校,大阪,猿山,新規
大阪市立加美南中学校,大阪,,新規
大阪市立玉出中学校,大阪,猿山,新規
大阪市立今宮中学校,大阪,猿山,新規
大阪市立今津中学校,大阪,猿山,新規
大阪市立三国中学校,大阪,猿山,新規
大阪市立春日出中学校,大阪,猿山,新規
大阪市立大正中央中学校,大阪,猿山,新規
大阪市立大正北中学校,大阪,猿山,新規
大阪市立長吉西中学校,大阪,,新規
大阪市立長吉中学校,大阪,平見,新規
大阪市立梅南中学校,大阪,,新規
大阪市立北稜中学校,大阪,,新規
大阪市立木津中学校,大阪,猿山,新規
大阪市立菫中学校,大阪,,新規
大阪府立だいせん聴覚高等支援学校,大阪,,新規
大阪府立芦間高等学校,大阪,猿山,新規
大阪府立茨木支援学校,大阪,平見,新規
大阪府立岸和田高等学校,大阪,猿山,新規
大阪府立金岡高等学校,大阪,猿山,新規
大阪府立高槻支援学校,大阪,,新規
大阪府立桜塚高等学校,大阪,,新規
大阪府立三国丘高等学校,大阪,猿山,新規
大阪府立三島高等学校,大阪,猿山,新規
大阪府立市岡高等学校,大阪,猿山,新規
大阪府立寝屋川高等学校,大阪,,新規
大阪府立中央高等学校,大阪,猿山,新規
大阪府立登美丘高等学校,大阪,猿山,新規
大阪府立都島第二工業高等学校,大阪,,新規
大阪府立伯太高等学校,大阪,猿山,新規
大阪府立枚方津田高等学校,大阪,猿山,新規
大阪府立淀商業高等学校,大阪,,新規
大東市立北条中学校,大阪,猿山,新規
長岡京市立長岡中学校,京都,,新規
長浜市立南中学校,滋賀,平見,新規
田原市立野田小学校,愛知,,新規
東大阪市立意岐部中学校,大阪,猿山,新規
東大阪市立高井田中学校,大阪,猿山,新規
東大阪市立上小阪中学校,大阪,猿山,新規
東大阪市立弥刀中学校,大阪,猿山,新規
東大阪大学柏原高等学校,大阪,猿山,新規
敦賀市立気比中学校,福井,,新規
奈良県「こどもの社会参画・共創推進業務委託」受託,,吉澤,新規
奈良県「こどもの社会参画・共創推進業務委託」企業参加費,,吉澤,新規
奈良県「学生×企業共創型人材育成推進事業業務委託」受託,奈良,吉澤,新規
八尾市立成法中学校,大阪,猿山,新規
美濃加茂高等学校,岐阜,菅澤,新規
彦根市立中央中学校,滋賀,平見,新規
姫路市立置塩小学校,兵庫,平見,新規
姫路市立朝日中学校,兵庫,,新規
福井県立藤島高等学校,福井,猿山,新規
福井県立道守高等学校,福井,猿山,新規
福井県立福井商業高等学校,福井,猿山,新規
福井県立福井農林高等学校,福井,猿山,新規
福井市社南小学校,福井,,新規
兵庫教育大学附属中学校,兵庫,猿山,新規
兵庫県立国際高等学校,兵庫,,新規
兵庫県立西宮今津高等学校,兵庫,,新規
兵庫県立川西緑台高等学校,兵庫,猿山,新規
兵庫県立明石南高等学校,兵庫,猿山,新規
兵庫県立網干高等学校,兵庫,,新規
豊中市立第三中学校,大阪,平見,新規
豊中市立第十二中学校,大阪,,新規
豊田市立中金小学校,愛知,,新規
豊明市立舘小学校,愛知,,新規
枚方市立川越小学校,大阪,,新規
名古屋産業大学,愛知,平見,新規
名古屋市立若宮商業高等学校,愛知,猿山,新規
名古屋市立辻小学校,愛知,,新規
名古屋市立鶴舞小学校,愛知,平見,新規
名古屋市立日比野中学校,愛知,猿山,新規
名古屋市立本郷小学校,愛知,平見,新規
名古屋市立野跡小学校,愛知,,新規
明石市立望海中学校,兵庫,猿山,新規
野洲市立中主中学校,滋賀,平見,新規
立命館宇治高等学校,京都,吉澤,新規
鈴鹿市立神戸中学校,三重,,新規
六甲学院中学校,兵庫,平見,新規
和歌山市立日進中学校,和歌山,猿山,新規
和泉市立石尾中学校,大阪,SD,新規
和泉市立富秋中学校,大阪,,新規
鶯谷高等学校,岐阜,猿山,新規
愛知教育大学附属高等学校,愛知,関,新規
愛知県立一宮興道高等学校,愛知,関,新規
愛知県立横須賀高等学校,愛知,関,新規
愛知県立蒲郡高等学校,愛知,関,新規
愛知県立高蔵寺高等学校,愛知,関,新規
愛知県立春日井泉高等学校,愛知,関,新規
愛知県立常滑高等学校,愛知,関,新規
愛知県立中村高等学校,愛知,関,新規
愛知県立日進西高等学校,愛知,関,新規
愛知県立半田高等学校,愛知,関,新規
愛知県立豊明高等学校,愛知,関,新規
愛知県立名古屋工科高等学校,愛知,関,新規
愛知県立名古屋南高等学校,愛知,関,新規
愛知県立明和高等学校,愛知,関,新規
愛知県立緑丘高等学校,愛知,関,新規
金城学院高等学校,愛知,関,新規
桜花学園高等学校,愛知,内田,新規
春日井市立南城中学校,愛知,関,新規
椙山女学園高等学校,愛知,関,新規
星城高等学校,愛知,関,新規
名古屋国際高等学校,愛知,関,新規
名古屋市立向陽高等学校,愛知,関,新規
名古屋市立八王子中学校,愛知,関,新規
名古屋市立平針中学校,愛知,,新規
名城大学附属高等学校,愛知,関,新規
いわき市立夏井小学校,福島,川合,新規
ウニクス川越,埼玉,北見,新規
おおぞら高校川越キャンパス,埼玉,北見,新規
オリエンタルエンヂニアリング(株),埼玉,北見,新規
オリジン,埼玉,北見,新規
クラーク記念国際高等学校,北海道,髙谷,新規
コエド川越FC,埼玉,北見,新規
さいたま市立三橋中学校,埼玉,北見,新規
さいたま市立芝川小学校,埼玉,北見,新規
さいたま市立辻南小学校,埼玉,北見,新規
ちふれ,埼玉,北見,新規
ネッツトヨタ東埼玉株式会社,埼玉,北見,新規
パーソルテンプスタッフ株式会社,埼玉,北見,新規
ハッピースマイル,埼玉,北見,新規
プリンストンデジタルグループ,埼玉,北見,新規
リズム株式会社,埼玉,北見,新規
リンテック,埼玉,北見,新規
わせがく夢育高等学校,埼玉,北見,新規
茨城県立土浦第一高等学校,茨城,北見,新規
燕市立吉田南小学校,新潟,関,新規
沖電気工業株式会社,埼玉,北見,新規
開智中学校,埼玉,北見,新規
株式会社CRS埼玉,埼玉,北見,新規
株式会社エコーステーション,埼玉,川合,新規
株式会社コエドブルワリー,埼玉,北見,新規
株式会社ゼニス,埼玉,北見,新規
株式会社タウ,埼玉,北見,新規
株式会社タカインフォテクノ,埼玉,北見,新規
株式会社チェリービー,埼玉,北見,新規
株式会社フロロコート,埼玉,北見,新規
株式会社ヤオコー,埼玉,北見,新規
株式会社協同商事,埼玉,北見,新規
株式会社金子製作所,埼玉,北見,新規
株式会社第一コーポレーション,埼玉,北見,新規
岩堀建設工業株式会社,埼玉,北見,新規
吉田電工,埼玉,北見,新規
久喜市立青葉小学校,埼玉,北見,新規
久喜市立鷲宮東中学校,埼玉,北見,新規
魚沼市立湯之谷小学校,新潟,関,新規
桐生第一高等学校,群馬,川合,新規
金山町立金山中学校,山形,川合,新規
金沢高等学校,石川,大我,新規
金沢市立金石中学校,石川,大我,新規
群馬県立松井田高等学校,群馬,川合,新規
行田市立桜ケ丘小学校,埼玉,北見,新規
行田市立見沼小学校,埼玉,北見,新規
行田市立北小学校,埼玉,北見,新規
安楽亭,埼玉,北見,新規
行田市教育委員会,埼玉,北見,新規
高岡向陵高等学校,富山,大我,新規
佐久市立佐久城山小学校,長野,大野,新規
埼玉県立浦和高等学校,埼玉,北見,新規
埼玉県立越谷西高等学校,埼玉,関,新規
埼玉県立岩槻商業高等学校,埼玉,北見,新規
埼玉県立川越工業高等学校,埼玉,北見,新規
埼玉県立川越初雁高等学校,埼玉,北見,新規
埼玉県立大宮高等学校,埼玉,北見,新規
埼玉大学,埼玉,北見,新規
札幌市立平岡緑中学校,北海道,髙谷,新規
三共木工株式会社,埼玉,北見,新規
三輪精機株式会社,埼玉,大野,新規
山形県立小国高等学校,山形,川合,新規
山形市立第七中学校,山形,川合,新規
山形大学附属中学校,山形,川合,新規
城南塗装,埼玉,北見,新規
新日本ビルサービス株式会社,埼玉,北見,新規
星の杜高等学校,栃木,大野,新規
聖学院大学,埼玉,大野,新規
西武ライオンズ,埼玉,北見,新規
石川県立金沢錦丘高等学校,石川,大我,新規
石川県立金沢向陽高等学校,石川,大我,新規
石川県立金沢商業高等学校,石川,大我,新規
石川県立金沢辰巳丘高等学校,石川,大我,新規
石川県立金沢中央高等学校,石川,大我,新規
石川県立志賀高等学校,石川,大我,新規
仙台市立幸町南小学校,宮城,髙谷,新規
千代田工営株式会社,埼玉,北見,新規
川越市立川越第一中学校,埼玉,川合,新規
川越市立富士見中学校,埼玉,北見,新規
川越市立芳野中学校,埼玉,大野,新規
川越商工会議所,埼玉,北見,新規
川口市立慈林小学校,埼玉,北見,新規
川島町立川島中学校,埼玉,北見,新規
川木建設,埼玉,北見,新規
大石田町立大石田中学校,山形,川合,新規
大和町立大和中学校,宮城,川合,新規
第一学院高等学校　富山キャンパス,富山,大我,新規
地域デザインラボさいたま（埼玉りそな銀行）,埼玉,北見,新規
中山町立中山中学校,山形,川合,新規
長岡市立東北中学校,新潟,関,新規
長野県上伊那農業高等学校,長野,大野,新規
長野県赤穂高等学校,長野,大野,新規
長野市立更北中学校,長野,大野,新規
鶴岡市立羽黒中学校,山形,川合,新規
帝京第三高等学校,山梨,大野,新規
天童市立山口小学校,山形,川合,新規
那須塩原市立三島中学校,栃木,大野,新規
南砺市立福野中学校,富山,大我,新規
南陽市立宮内中学校,山形,川合,新規
飛鳥未来きずな高等学校 大宮キャンパス,埼玉,北見,新規
不二越工業高等学校,富山,大我,新規
富山県立魚津高等学校,富山,大我,新規
富山県立呉羽高等学校,富山,大我,新規
富山県立福岡高等学校,富山,大我,新規
富山市立古志はるかぜ学園,富山,大我,新規
北海道札幌東陵高等学校,北海道,髙谷,新規
龍ケ崎市立長山小学校,茨城,川合,新規
龍谷富山高等学校,富山,大我,新規
國學院大學栃木中学校,栃木,大野,新規
ほっとカフェぬくもり寺子屋,福岡,,新規
姶良市立竜門小学校,鹿児島,高出,新規
岩田高等学校,大分,福島,新規
久留米大学附設中学校,福岡,高出,新規
宮崎県立日向高等学校,宮崎,福島,新規
宮崎国際大学,宮崎,福島,新規
宮崎市立大塚中学校,宮崎,福島,新規
九州看護福祉大学,熊本,高出,新規
広島県立庄原特別支援学校,広島,,新規
広島市立牛田小学校,広島,瀧沢,新規
佐賀県教育委員会,佐賀,高出,新規
佐賀県立伊万里高等学校,佐賀,高出,新規
佐賀県立唐津特別支援学校好学舎分校,佐賀,高出,新規
坂町立坂中学校,広島,瀧沢,新規
山陽小野田市立有帆小学校,山口,高出,新規
鹿児島県立隼人工業高等学校,鹿児島,高出,新規
松浦市立上志佐小学校,長崎,高出,新規
新富町立新田中学校,宮崎,福島,新規
星琳高等学校,福岡,高出,新規
倉敷市立第四福田小学校,岡山,,新規
大分県立中津支援学校,大分,,新規
日向市立塩見小学校,宮崎,福島,新規
日向市立岩脇中学校,宮崎,福島,新規
日向市立細島小学校,宮崎,福島,新規
日向市立財光寺小学校,宮崎,福島,新規
日向市立財光寺中学校,宮崎,福島,新規
日向市立財光寺南小学校,宮崎,福島,新規
日向市立寺迫小学校,宮崎,福島,新規
日向市立大王谷小学校,宮崎,福島,新規
日向市立大王谷中学校,宮崎,福島,新規
日向市立坪谷小学校,宮崎,福島,新規
日向市立東郷小学校,宮崎,福島,新規
日向市立東郷小学校若竹分校,宮崎,福島,新規
日向市立東郷中学校,宮崎,福島,新規
日向市立東郷中学校若竹分校,宮崎,福島,新規
日向市立日向中学校,宮崎,福島,新規
日向市立日知屋小学校,宮崎,福島,新規
日向市立日知屋東小学校,宮崎,福島,新規
日向市立美々津小学校,宮崎,福島,新規
日向市立美々津小学校田の原分校,宮崎,福島,新規
日向市立美々津中学校,宮崎,福島,新規
日向市立富高小学校,宮崎,福島,新規
日向市立富島中学校,宮崎,福島,新規
日向市立平岩小学校,宮崎,福島,新規
日本文理大学附属高等学校,大分,福島,新規
福岡県立鞍手高等学校,福岡,高出,新規
福岡県立特別支援学校「北九州高等学園」,福岡,高出,新規
福岡県立博多青松高等学校,福岡,高出,新規
福岡市立三筑中学校,福岡,高出,新規
福山市立駅家中学校,広島,瀧沢,新規
福山市立加茂中学校,広島,瀧沢,新規
福山市立広瀬学園中学校,広島,瀧沢,新規
福山市立新市中央中学校,広島,瀧沢,新規
福山市立想青学園,広島,瀧沢,新規
福山市立大門中学校,広島,瀧沢,新規
福智町立方城中学校,福岡,高出,新規
柳川高等学校,福岡,福本,新規
神港学園高等学校,兵庫,猿山,新規
兵庫県立夢野台高等学校,兵庫,猿山,新規
MUFGのイベントのサブファシリテーター,東京,早﨑,新規
